Country,Cause of Death,Both Sexes,Male,Female
Afghanistan,Total,111.5,124.4,99.56
Afghanistan,Lower respiratory infections,16.56,17.59,15.8
Afghanistan,"Trachea, bronchus, lung cancers",1.78,2.75,0.88
Afghanistan,Ischaemic heart disease,58.34,67.31,49.58
Afghanistan,Stroke,22.8,22.79,22.9
Afghanistan,Chronic obstructive pulmonary disease,12.03,14,10.41
Albania,Total,41.31,51.28,32.13
Albania,Lower respiratory infections,1.82,2.15,1.54
Albania,"Trachea, bronchus, lung cancers",2.76,3.76,1.8
Albania,Ischaemic heart disease,22.22,28.43,16.45
Albania,Stroke,12.22,13.67,10.92
Albania,Chronic obstructive pulmonary disease,2.28,3.27,1.42
Algeria,Total,43.31,48.47,38.28
Algeria,Lower respiratory infections,6.4,6.57,6.28
Algeria,"Trachea, bronchus, lung cancers",1.66,2.69,0.63
Algeria,Ischaemic heart disease,24.71,27.45,21.97
Algeria,Stroke,7.27,7.57,6.99
Algeria,Chronic obstructive pulmonary disease,3.27,4.19,2.42
Angola,Total,55.92,58.6,53.61
Angola,Lower respiratory infections,21.08,23.28,19.47
Angola,"Trachea, bronchus, lung cancers",0.29,0.41,0.2
Angola,Ischaemic heart disease,17.51,18.33,16.6
Angola,Stroke,11.2,10.51,11.68
Angola,Chronic obstructive pulmonary disease,5.84,6.07,5.67
Antigua and Barbuda,Total,28.56,35.63,22.95
Antigua and Barbuda,Lower respiratory infections,5.64,7.36,4.08
Antigua and Barbuda,"Trachea, bronchus, lung cancers",0.46,0.58,0.41
Antigua and Barbuda,Ischaemic heart disease,13.72,17.8,10.52
Antigua and Barbuda,Stroke,6.25,6.47,6.15
Antigua and Barbuda,Chronic obstructive pulmonary disease,2.49,3.43,1.79
Argentina,Total,24.34,33.04,17.98
Argentina,Lower respiratory infections,6,7.67,4.91
Argentina,"Trachea, bronchus, lung cancers",1.43,2.24,0.82
Argentina,Ischaemic heart disease,9.35,13.05,6.38
Argentina,Stroke,3.23,4.12,2.57
Argentina,Chronic obstructive pulmonary disease,4.33,5.96,3.3
Armenia,Total,51.14,72.45,35.41
Armenia,Lower respiratory infections,2.14,2.7,1.71
Armenia,"Trachea, bronchus, lung cancers",5.47,10.78,1.65
Armenia,Ischaemic heart disease,31.86,43.73,22.93
Armenia,Stroke,6.54,7.86,5.52
Armenia,Chronic obstructive pulmonary disease,5.13,7.38,3.61
Australia,Total,8.39,10.23,6.67
Australia,Lower respiratory infections,0.53,0.54,0.51
Australia,"Trachea, bronchus, lung cancers",0.88,1.11,0.69
Australia,Ischaemic heart disease,4.12,5.47,2.84
Australia,Stroke,1.32,1.26,1.34
Australia,Chronic obstructive pulmonary disease,1.54,1.86,1.3
Austria,Total,15.32,19.42,11.83
Austria,Lower respiratory infections,0.57,0.67,0.49
Austria,"Trachea, bronchus, lung cancers",1.77,2.37,1.28
Austria,Ischaemic heart disease,9.09,11.68,6.77
Austria,Stroke,1.76,1.85,1.67
Austria,Chronic obstructive pulmonary disease,2.14,2.85,1.63
Azerbaijan,Total,56.43,71.16,44.69
Azerbaijan,Lower respiratory infections,2.46,2.71,2.29
Azerbaijan,"Trachea, bronchus, lung cancers",1.3,2.29,0.5
Azerbaijan,Ischaemic heart disease,39.78,51.27,30.58
Azerbaijan,Stroke,9.61,10.88,8.59
Azerbaijan,Chronic obstructive pulmonary disease,3.28,4.01,2.73
Bahamas,Total,19.92,25.73,15.21
Bahamas,Lower respiratory infections,3.51,4.15,3
Bahamas,"Trachea, bronchus, lung cancers",0.98,1.61,0.51
Bahamas,Ischaemic heart disease,9.96,13.27,7.2
Bahamas,Stroke,4.49,5.11,3.92
Bahamas,Chronic obstructive pulmonary disease,0.98,1.59,0.57
Bahrain,Total,40.14,44.63,34.87
Bahrain,Lower respiratory infections,4.7,5.17,4.26
Bahrain,"Trachea, bronchus, lung cancers",3.99,5.3,2.54
Bahrain,Ischaemic heart disease,22.56,24.62,19.73
Bahrain,Stroke,3.85,3.73,3.99
Bahrain,Chronic obstructive pulmonary disease,5.05,5.8,4.35
Bangladesh,Total,73.97,82.76,65.17
Bangladesh,Lower respiratory infections,7.97,8.4,7.55
Bangladesh,"Trachea, bronchus, lung cancers",3,4.76,1.25
Bangladesh,Ischaemic heart disease,23.59,27.04,20.01
Bangladesh,Stroke,20.08,19.82,20.33
Bangladesh,Chronic obstructive pulmonary disease,19.32,22.74,16.03
Barbados,Total,30.48,38.18,24.37
Barbados,Lower respiratory infections,9.98,12.11,8.37
Barbados,"Trachea, bronchus, lung cancers",1.15,1.49,0.86
Barbados,Ischaemic heart disease,10.11,12.91,7.81
Barbados,Stroke,7.21,8.57,6.03
Barbados,Chronic obstructive pulmonary disease,2.03,3.1,1.3
Belarus,Total,57.91,89.26,37.75
Belarus,Lower respiratory infections,1.06,1.85,0.45
Belarus,"Trachea, bronchus, lung cancers",2.23,5.04,0.46
Belarus,Ischaemic heart disease,43.62,66.03,29.14
Belarus,Stroke,9.07,11.97,7.06
Belarus,Chronic obstructive pulmonary disease,1.93,4.38,0.65
Belgium,Total,15.68,20.65,11.58
Belgium,Lower respiratory infections,2.16,2.56,1.85
Belgium,"Trachea, bronchus, lung cancers",2.36,3.58,1.37
Belgium,Ischaemic heart disease,5.92,7.97,4.09
Belgium,Stroke,2.07,2.2,1.93
Belgium,Chronic obstructive pulmonary disease,3.16,4.34,2.33
Belize,Total,47.04,57.59,36.55
Belize,Lower respiratory infections,10.43,11.85,9.02
Belize,"Trachea, bronchus, lung cancers",2.23,3.59,0.87
Belize,Ischaemic heart disease,21.11,25.85,16.38
Belize,Stroke,8.54,9.6,7.45
Belize,Chronic obstructive pulmonary disease,4.73,6.71,2.83
Benin,Total,84.18,93.3,76.89
Benin,Lower respiratory infections,37.01,42.83,32.64
Benin,"Trachea, bronchus, lung cancers",0.18,0.2,0.15
Benin,Ischaemic heart disease,22.8,25.61,20.36
Benin,Stroke,16.06,15.5,16.27
Benin,Chronic obstructive pulmonary disease,8.14,9.15,7.46
Bhutan,Total,67.49,67.44,67.72
Bhutan,Lower respiratory infections,9.94,9.22,10.87
Bhutan,"Trachea, bronchus, lung cancers",1.31,1.18,1.46
Bhutan,Ischaemic heart disease,29.74,31.08,28.13
Bhutan,Stroke,10.49,9.61,11.57
Bhutan,Chronic obstructive pulmonary disease,16.01,16.35,15.69
Bolivia (Plurinational State of),Total,39.04,45.71,32.98
Bolivia (Plurinational State of),Lower respiratory infections,11,12.95,9.28
Bolivia (Plurinational State of),"Trachea, bronchus, lung cancers",0.53,0.55,0.52
Bolivia (Plurinational State of),Ischaemic heart disease,16.28,19.76,13
Bolivia (Plurinational State of),Stroke,6.64,7.07,6.24
Bolivia (Plurinational State of),Chronic obstructive pulmonary disease,4.58,5.37,3.94
Bosnia and Herzegovina,Total,43.69,56.12,33.37
Bosnia and Herzegovina,Lower respiratory infections,1.24,1.51,1.03
Bosnia and Herzegovina,"Trachea, bronchus, lung cancers",4.32,7.6,1.64
Bosnia and Herzegovina,Ischaemic heart disease,22.71,28.52,17.63
Bosnia and Herzegovina,Stroke,11.6,12.74,10.64
Bosnia and Herzegovina,Chronic obstructive pulmonary disease,3.81,5.75,2.45
Botswana,Total,52.11,63.17,44.49
Botswana,Lower respiratory infections,13.71,18,10.78
Botswana,"Trachea, bronchus, lung cancers",0.5,0.95,0.18
Botswana,Ischaemic heart disease,18.97,19.21,18.45
Botswana,Stroke,10.6,11.11,10.15
Botswana,Chronic obstructive pulmonary disease,8.33,13.91,4.93
Brazil,Total,24.06,30.53,18.93
Brazil,Lower respiratory infections,4.85,5.74,4.14
Brazil,"Trachea, bronchus, lung cancers",0.98,1.34,0.71
Brazil,Ischaemic heart disease,9.93,13.04,7.34
Brazil,Stroke,4.68,5.6,3.97
Brazil,Chronic obstructive pulmonary disease,3.61,4.81,2.78
Brunei Darussalam,Total,13.32,15.34,11.38
Brunei Darussalam,Lower respiratory infections,1.01,1.29,0.77
Brunei Darussalam,"Trachea, bronchus, lung cancers",0.59,0.71,0.5
Brunei Darussalam,Ischaemic heart disease,7.26,8.66,5.82
Brunei Darussalam,Stroke,2.66,2.6,2.71
Brunei Darussalam,Chronic obstructive pulmonary disease,1.8,2.09,1.58
Bulgaria,Total,53.11,70.79,38.5
Bulgaria,Lower respiratory infections,2.1,2.79,1.54
Bulgaria,"Trachea, bronchus, lung cancers",3.09,5.54,1.11
Bulgaria,Ischaemic heart disease,30.89,40.5,22.59
Bulgaria,Stroke,13.12,15.86,10.88
Bulgaria,Chronic obstructive pulmonary disease,3.92,6.1,2.38
Burkina Faso,Total,87.19,97.67,79.71
Burkina Faso,Lower respiratory infections,37.25,42.39,33.78
Burkina Faso,"Trachea, bronchus, lung cancers",0.44,0.57,0.35
Burkina Faso,Ischaemic heart disease,29.88,34.25,26.55
Burkina Faso,Stroke,13.39,13.08,13.48
Burkina Faso,Chronic obstructive pulmonary disease,6.23,7.37,5.55
Burundi,Total,70.29,75.64,65.36
Burundi,Lower respiratory infections,28.57,30.99,26.41
Burundi,"Trachea, bronchus, lung cancers",0.3,0.29,0.32
Burundi,Ischaemic heart disease,19.4,21.33,17.5
Burundi,Stroke,14.3,13.54,14.87
Burundi,Chronic obstructive pulmonary disease,7.72,9.48,6.27
Cabo Verde,Total,60.73,75.4,50.75
Cabo Verde,Lower respiratory infections,18.05,24.69,13.57
Cabo Verde,"Trachea, bronchus, lung cancers",0.38,0.56,0.25
Cabo Verde,Ischaemic heart disease,26.65,31.91,23.04
Cabo Verde,Stroke,10.21,11.89,9.02
Cabo Verde,Chronic obstructive pulmonary disease,5.45,6.35,4.87
Cambodia,Total,56.33,64.1,50.71
Cambodia,Lower respiratory infections,15.48,17.1,14.25
Cambodia,"Trachea, bronchus, lung cancers",1.92,3.12,1.09
Cambodia,Ischaemic heart disease,16.08,20.43,12.93
Cambodia,Stroke,17.04,15.06,18.32
Cambodia,Chronic obstructive pulmonary disease,5.81,8.4,4.11
Cameroon,Total,110.5,124.8,97.61
Cameroon,Lower respiratory infections,52.48,60.82,45.1
Cameroon,"Trachea, bronchus, lung cancers",0.46,0.57,0.35
Cameroon,Ischaemic heart disease,26.54,31.23,22.25
Cameroon,Stroke,19.28,18.96,19.39
Cameroon,Chronic obstructive pulmonary disease,11.7,13.19,10.52
Canada,Total,6.96,8.69,5.4
Canada,Lower respiratory infections,0.41,0.45,0.37
Canada,"Trachea, bronchus, lung cancers",0.83,0.97,0.73
Canada,Ischaemic heart disease,3.73,5.06,2.49
Canada,Stroke,0.86,0.87,0.83
Canada,Chronic obstructive pulmonary disease,1.13,1.33,0.97
Central African Republic,Total,93.53,100.8,87.08
Central African Republic,Lower respiratory infections,37.11,41.73,33.48
Central African Republic,"Trachea, bronchus, lung cancers",0.4,0.58,0.25
Central African Republic,Ischaemic heart disease,25.3,27.73,22.76
Central African Republic,Stroke,21.18,20.5,21.56
Central African Republic,Chronic obstructive pulmonary disease,9.55,10.24,9.03
Chad,Total,129.8,143.4,117.7
Chad,Lower respiratory infections,65.32,73.38,58.19
Chad,"Trachea, bronchus, lung cancers",0.3,0.37,0.24
Chad,Ischaemic heart disease,33.43,38.52,28.82
Chad,Stroke,20.52,19.62,21.16
Chad,Chronic obstructive pulmonary disease,10.27,11.48,9.34
Chile,Total,19.8,26.27,14.72
Chile,Lower respiratory infections,3.08,3.95,2.47
Chile,"Trachea, bronchus, lung cancers",1.73,2.37,1.24
Chile,Ischaemic heart disease,7.4,10.33,4.9
Chile,Stroke,4.34,5.25,3.62
Chile,Chronic obstructive pulmonary disease,3.24,4.37,2.5
China,Total,66.73,76.69,57.57
China,Lower respiratory infections,3.68,4.09,3.32
China,"Trachea, bronchus, lung cancers",8.34,12.31,4.68
China,Ischaemic heart disease,20.63,21.49,19.73
China,Stroke,18.59,20.77,16.59
China,Chronic obstructive pulmonary disease,15.49,18.02,13.27
Colombia,Total,28.08,35.29,22.21
Colombia,Lower respiratory infections,3.55,4.22,2.99
Colombia,"Trachea, bronchus, lung cancers",1.35,1.8,0.99
Colombia,Ischaemic heart disease,14.89,19.56,11.02
Colombia,Stroke,4.41,4.84,4.04
Colombia,Chronic obstructive pulmonary disease,3.89,4.87,3.17
Comoros,Total,56.76,65.48,48.99
Comoros,Lower respiratory infections,20.26,23.47,17.52
Comoros,"Trachea, bronchus, lung cancers",0.28,0.42,0.15
Comoros,Ischaemic heart disease,21.08,24.35,17.96
Comoros,Stroke,10.32,10.9,9.74
Comoros,Chronic obstructive pulmonary disease,4.83,6.34,3.63
Congo,Total,59.8,57.76,61.36
Congo,Lower respiratory infections,20.4,21.85,19.17
Congo,"Trachea, bronchus, lung cancers",0.31,0.42,0.22
Congo,Ischaemic heart disease,20.03,19.18,20.56
Congo,Stroke,12.25,10.27,13.94
Congo,Chronic obstructive pulmonary disease,6.8,6.04,7.47
Costa Rica,Total,18.56,23.26,14.31
Costa Rica,Lower respiratory infections,1.94,2.44,1.5
Costa Rica,"Trachea, bronchus, lung cancers",0.64,0.91,0.39
Costa Rica,Ischaemic heart disease,9.73,12.79,6.89
Costa Rica,Stroke,2.98,3.21,2.75
Costa Rica,Chronic obstructive pulmonary disease,3.28,3.9,2.77
Côte d’Ivoire,Total,102.8,109.5,95.28
Côte d’Ivoire,Lower respiratory infections,37.1,42.15,31.41
Côte d’Ivoire,"Trachea, bronchus, lung cancers",0.27,0.29,0.24
Côte d’Ivoire,Ischaemic heart disease,36.71,39.17,33.99
Côte d’Ivoire,Stroke,20.31,18.84,22.01
Côte d’Ivoire,Chronic obstructive pulmonary disease,8.39,9.08,7.62
Croatia,Total,28.49,39.12,20.06
Croatia,Lower respiratory infections,0.93,1.39,0.62
Croatia,"Trachea, bronchus, lung cancers",3.44,5.9,1.57
Croatia,Ischaemic heart disease,15.36,20.32,11.06
Croatia,Stroke,6.01,7.15,5.06
Croatia,Chronic obstructive pulmonary disease,2.75,4.36,1.74
Cuba,Total,30.1,36.03,24.73
Cuba,Lower respiratory infections,5,5.74,4.37
Cuba,"Trachea, bronchus, lung cancers",3.19,4.29,2.21
Cuba,Ischaemic heart disease,13.27,16.05,10.64
Cuba,Stroke,4.72,5.4,4.07
Cuba,Chronic obstructive pulmonary disease,3.93,4.55,3.44
Cyprus,Total,20.09,28.01,13.21
Cyprus,Lower respiratory infections,0.96,1.05,0.89
Cyprus,"Trachea, bronchus, lung cancers",2.11,3.74,0.7
Cyprus,Ischaemic heart disease,10.77,15.27,6.72
Cyprus,Stroke,2.78,2.94,2.6
Cyprus,Chronic obstructive pulmonary disease,3.46,5,2.3
Czechia,Total,27.14,36.47,19.59
Czechia,Lower respiratory infections,2.3,3.07,1.72
Czechia,"Trachea, bronchus, lung cancers",2.43,3.77,1.4
Czechia,Ischaemic heart disease,16.18,21.51,11.72
Czechia,Stroke,3.56,4.12,3.04
Czechia,Chronic obstructive pulmonary disease,2.67,4,1.71
Democratic People's Republic of Korea,Total,81,118.5,58.82
Democratic People's Republic of Korea,Lower respiratory infections,4.77,6.69,3.76
Democratic People's Republic of Korea,"Trachea, bronchus, lung cancers",7.72,10.27,5.83
Democratic People's Republic of Korea,Ischaemic heart disease,19.76,29.01,13.67
Democratic People's Republic of Korea,Stroke,23.1,35.27,15.64
Democratic People's Republic of Korea,Chronic obstructive pulmonary disease,25.66,37.25,19.93
Democratic Republic of the Congo,Total,66.55,67.34,65.4
Democratic Republic of the Congo,Lower respiratory infections,26.63,28.84,24.83
Democratic Republic of the Congo,"Trachea, bronchus, lung cancers",0.23,0.3,0.18
Democratic Republic of the Congo,Ischaemic heart disease,17.66,18.23,16.83
Democratic Republic of the Congo,Stroke,14.53,12.89,15.74
Democratic Republic of the Congo,Chronic obstructive pulmonary disease,7.5,7.07,7.83
Denmark,Total,13.18,15.83,10.9
Denmark,Lower respiratory infections,1.41,1.68,1.21
Denmark,"Trachea, bronchus, lung cancers",1.99,2.24,1.79
Denmark,Ischaemic heart disease,4.36,5.92,2.94
Denmark,Stroke,2.03,2.2,1.86
Denmark,Chronic obstructive pulmonary disease,3.39,3.79,3.1
Djibouti,Total,70.43,80.81,61.01
Djibouti,Lower respiratory infections,27.93,30.95,25.24
Djibouti,"Trachea, bronchus, lung cancers",0.63,0.65,0.61
Djibouti,Ischaemic heart disease,23.81,28.27,19.59
Djibouti,Stroke,12.35,13.03,11.7
Djibouti,Chronic obstructive pulmonary disease,5.72,7.91,3.88
Dominican Republic,Total,31.54,37.48,25.95
Dominican Republic,Lower respiratory infections,2.99,3.39,2.59
Dominican Republic,"Trachea, bronchus, lung cancers",1.06,1.33,0.82
Dominican Republic,Ischaemic heart disease,19.21,23.09,15.54
Dominican Republic,Stroke,6.62,7.7,5.6
Dominican Republic,Chronic obstructive pulmonary disease,1.67,1.96,1.4
Ecuador,Total,20.32,24.28,16.8
Ecuador,Lower respiratory infections,4.79,5.29,4.33
Ecuador,"Trachea, bronchus, lung cancers",0.59,0.72,0.49
Ecuador,Ischaemic heart disease,8.06,10.19,6.12
Ecuador,Stroke,3.74,4.12,3.4
Ecuador,Chronic obstructive pulmonary disease,3.14,3.96,2.47
Egypt,Total,105,126.1,86.87
Egypt,Lower respiratory infections,11.25,14.91,8.27
Egypt,"Trachea, bronchus, lung cancers",2.3,3.64,1.19
Egypt,Ischaemic heart disease,61.9,73.02,51.77
Egypt,Stroke,19.38,20.72,18.23
Egypt,Chronic obstructive pulmonary disease,10.2,13.78,7.42
El Salvador,Total,29.88,37.11,24.31
El Salvador,Lower respiratory infections,6.72,8.52,5.29
El Salvador,"Trachea, bronchus, lung cancers",0.77,0.96,0.64
El Salvador,Ischaemic heart disease,16.68,21.06,13.34
El Salvador,Stroke,2.9,3.38,2.53
El Salvador,Chronic obstructive pulmonary disease,2.8,3.19,2.51
Equatorial Guinea,Total,92.29,96.59,87.8
Equatorial Guinea,Lower respiratory infections,40.8,43.3,38.61
Equatorial Guinea,"Trachea, bronchus, lung cancers",1,1.4,0.59
Equatorial Guinea,Ischaemic heart disease,27.12,29.02,24.69
Equatorial Guinea,Stroke,14.32,14.26,14.39
Equatorial Guinea,Chronic obstructive pulmonary disease,9.05,8.62,9.54
Eritrea,Total,79.6,95.08,66.17
Eritrea,Lower respiratory infections,30.84,37.77,24.89
Eritrea,"Trachea, bronchus, lung cancers",0.55,0.56,0.54
Eritrea,Ischaemic heart disease,21.73,26.57,17.36
Eritrea,Stroke,17.57,17.99,17.12
Eritrea,Chronic obstructive pulmonary disease,8.9,12.2,6.25
Estonia,Total,17.71,25.35,12.34
Estonia,Lower respiratory infections,0.56,0.99,0.29
Estonia,"Trachea, bronchus, lung cancers",0.85,1.7,0.34
Estonia,Ischaemic heart disease,13.78,19,9.89
Estonia,Stroke,1.91,2.36,1.58
Estonia,Chronic obstructive pulmonary disease,0.61,1.31,0.25
Eswatini,Total,54.44,63.81,48.21
Eswatini,Lower respiratory infections,15.13,18.84,12.67
Eswatini,"Trachea, bronchus, lung cancers",0.39,0.68,0.2
Eswatini,Ischaemic heart disease,18.34,18.47,18.05
Eswatini,Stroke,11.87,11.93,11.77
Eswatini,Chronic obstructive pulmonary disease,8.71,13.89,5.52
Ethiopia,Total,57.75,65.45,50.79
Ethiopia,Lower respiratory infections,21.69,24.85,18.81
Ethiopia,"Trachea, bronchus, lung cancers",0.58,0.58,0.58
Ethiopia,Ischaemic heart disease,19.12,22.33,16.23
Ethiopia,Stroke,10.58,10.6,10.55
Ethiopia,Chronic obstructive pulmonary disease,5.77,7.1,4.62
Fiji,Total,35.46,48.86,23.17
Fiji,Lower respiratory infections,3.37,4,2.8
Fiji,"Trachea, bronchus, lung cancers",0.36,0.52,0.24
Fiji,Ischaemic heart disease,26.52,37.38,16.33
Fiji,Stroke,2.16,2.58,1.8
Fiji,Chronic obstructive pulmonary disease,3.04,4.38,2.01
Finland,Total,7.23,9.98,4.93
Finland,Lower respiratory infections,0.087,0.11,0.069
Finland,"Trachea, bronchus, lung cancers",0.41,0.61,0.26
Finland,Ischaemic heart disease,4.81,6.89,3.05
Finland,Stroke,1.4,1.54,1.26
Finland,Chronic obstructive pulmonary disease,0.52,0.83,0.29
France,Total,9.71,13.26,6.67
France,Lower respiratory infections,0.97,1.15,0.82
France,"Trachea, bronchus, lung cancers",1.96,3.05,1.02
France,Ischaemic heart disease,3.85,5.38,2.49
France,Stroke,1.56,1.72,1.4
France,Chronic obstructive pulmonary disease,1.37,1.97,0.93
Gabon,Total,52.33,55.55,49.29
Gabon,Lower respiratory infections,20.08,22.66,17.96
Gabon,"Trachea, bronchus, lung cancers",1.09,1.55,0.69
Gabon,Ischaemic heart disease,16.08,16.22,15.61
Gabon,Stroke,9.93,9.68,10.09
Gabon,Chronic obstructive pulmonary disease,5.15,5.45,4.93
Gambia,Total,92.96,102.7,83.35
Gambia,Lower respiratory infections,34.67,40.77,28.57
Gambia,"Trachea, bronchus, lung cancers",0.42,0.6,0.25
Gambia,Ischaemic heart disease,34.65,38.04,31.34
Gambia,Stroke,14.85,14.42,15.27
Gambia,Chronic obstructive pulmonary disease,8.37,8.85,7.92
Georgia,Total,66.04,92.38,46.34
Georgia,Lower respiratory infections,1.75,2.44,1.23
Georgia,"Trachea, bronchus, lung cancers",1.9,3.74,0.58
Georgia,Ischaemic heart disease,40.4,56.81,27.86
Georgia,Stroke,17.38,22.5,13.57
Georgia,Chronic obstructive pulmonary disease,4.61,6.89,3.1
Germany,Total,16,20.55,12.01
Germany,Lower respiratory infections,1.03,1.32,0.81
Germany,"Trachea, bronchus, lung cancers",1.83,2.59,1.19
Germany,Ischaemic heart disease,8.56,11.17,6.16
Germany,Stroke,1.98,2.13,1.82
Germany,Chronic obstructive pulmonary disease,2.59,3.35,2.02
Ghana,Total,85.13,86.77,83.73
Ghana,Lower respiratory infections,33.39,45.64,23.75
Ghana,"Trachea, bronchus, lung cancers",0.4,0.66,0.16
Ghana,Ischaemic heart disease,26.03,22.18,29.01
Ghana,Stroke,19.54,11.62,25.59
Ghana,Chronic obstructive pulmonary disease,5.78,6.67,5.22
Greece,Total,22.36,29.47,15.94
Greece,Lower respiratory infections,2.51,2.68,2.35
Greece,"Trachea, bronchus, lung cancers",3.02,5.28,1.09
Greece,Ischaemic heart disease,9.87,13.54,6.41
Greece,Stroke,4.15,4.37,3.89
Greece,Chronic obstructive pulmonary disease,2.82,3.59,2.21
Grenada,Total,40.73,46.82,34.67
Grenada,Lower respiratory infections,9.66,9.48,9.17
Grenada,"Trachea, bronchus, lung cancers",1.72,2.47,1.16
Grenada,Ischaemic heart disease,19.27,23.33,15.59
Grenada,Stroke,7.54,8.47,6.62
Grenada,Chronic obstructive pulmonary disease,2.55,3.07,2.14
Guatemala,Total,31.62,36.07,28
Guatemala,Lower respiratory infections,11.43,13.07,10.1
Guatemala,"Trachea, bronchus, lung cancers",0.49,0.62,0.4
Guatemala,Ischaemic heart disease,11.78,13.56,10.31
Guatemala,Stroke,4.47,4.8,4.21
Guatemala,Chronic obstructive pulmonary disease,3.45,4.03,2.98
Guinea,Total,80.6,85.15,76.34
Guinea,Lower respiratory infections,30.91,35.84,26.53
Guinea,"Trachea, bronchus, lung cancers",0.17,0.22,0.13
Guinea,Ischaemic heart disease,26.24,27.14,25.29
Guinea,Stroke,15.84,13.87,17.46
Guinea,Chronic obstructive pulmonary disease,7.44,8.08,6.92
Guinea-Bissau,Total,77.67,83.95,72.4
Guinea-Bissau,Lower respiratory infections,28.71,33.54,24.86
Guinea-Bissau,"Trachea, bronchus, lung cancers",0.32,0.38,0.26
Guinea-Bissau,Ischaemic heart disease,26.86,28.24,25.58
Guinea-Bissau,Stroke,14.7,13.54,15.47
Guinea-Bissau,Chronic obstructive pulmonary disease,7.08,8.25,6.22
Guyana,Total,64.5,72.19,57.06
Guyana,Lower respiratory infections,9.06,9.82,8.29
Guyana,"Trachea, bronchus, lung cancers",0.57,0.76,0.42
Guyana,Ischaemic heart disease,33.68,38.59,28.83
Guyana,Stroke,16.06,16.18,15.83
Guyana,Chronic obstructive pulmonary disease,5.14,6.84,3.69
Haiti,Total,56.64,63.03,51.08
Haiti,Lower respiratory infections,10.13,11.74,8.7
Haiti,"Trachea, bronchus, lung cancers",0.69,0.73,0.67
Haiti,Ischaemic heart disease,27.44,31.4,23.95
Haiti,Stroke,14.17,13.55,14.63
Haiti,Chronic obstructive pulmonary disease,4.21,5.6,3.13
Honduras,Total,28.63,37.38,21.14
Honduras,Lower respiratory infections,1.91,2.6,1.33
Honduras,"Trachea, bronchus, lung cancers",0.71,0.92,0.54
Honduras,Ischaemic heart disease,18.11,25.14,12.08
Honduras,Stroke,3.56,4.79,2.52
Honduras,Chronic obstructive pulmonary disease,4.34,3.94,4.67
Hungary,Total,38.83,53.27,28.42
Hungary,Lower respiratory infections,0.92,1.27,0.68
Hungary,"Trachea, bronchus, lung cancers",4.57,6.88,2.95
Hungary,Ischaemic heart disease,23.79,31.92,17.64
Hungary,Stroke,5.03,6.48,3.96
Hungary,Chronic obstructive pulmonary disease,4.52,6.72,3.18
Iceland,Total,8.67,10.59,6.95
Iceland,Lower respiratory infections,0.47,0.47,0.46
Iceland,"Trachea, bronchus, lung cancers",0.75,0.7,0.79
Iceland,Ischaemic heart disease,4.98,6.83,3.35
Iceland,Stroke,1.17,1.27,1.08
Iceland,Chronic obstructive pulmonary disease,1.3,1.32,1.27
India,Total,109.4,123.7,95.24
India,Lower respiratory infections,24.16,22.2,26.02
India,"Trachea, bronchus, lung cancers",2.56,3.86,1.31
India,Ischaemic heart disease,37.26,47.88,26.69
India,Stroke,14,15.29,12.68
India,Chronic obstructive pulmonary disease,31.39,34.44,28.54
Indonesia,Total,51.13,62,41.62
Indonesia,Lower respiratory infections,3.58,4.2,3.08
Indonesia,"Trachea, bronchus, lung cancers",1.61,2.56,0.83
Indonesia,Ischaemic heart disease,24.93,26.64,23.21
Indonesia,Stroke,15.25,19.8,11.07
Indonesia,Chronic obstructive pulmonary disease,5.75,8.8,3.43
Iran (Islamic Republic of),Total,49.24,53.95,44.29
Iran (Islamic Republic of),Lower respiratory infections,4.64,4.99,4.24
Iran (Islamic Republic of),"Trachea, bronchus, lung cancers",1.62,2.18,1
Iran (Islamic Republic of),Ischaemic heart disease,30.01,32.82,27.11
Iran (Islamic Republic of),Stroke,8.01,8.13,7.9
Iran (Islamic Republic of),Chronic obstructive pulmonary disease,4.97,5.82,4.03
Iraq,Total,72.14,84.72,61.33
Iraq,Lower respiratory infections,6.54,8.35,4.9
Iraq,"Trachea, bronchus, lung cancers",3.89,6.44,1.78
Iraq,Ischaemic heart disease,44.52,51.71,38.32
Iraq,Stroke,12.79,13.14,12.44
Iraq,Chronic obstructive pulmonary disease,4.39,5.08,3.89
Ireland,Total,11.94,14.7,9.44
Ireland,Lower respiratory infections,1.01,1.08,0.94
Ireland,"Trachea, bronchus, lung cancers",1.16,1.41,0.94
Ireland,Ischaemic heart disease,5.96,8.02,4.06
Ireland,Stroke,1.58,1.55,1.57
Ireland,Chronic obstructive pulmonary disease,2.24,2.64,1.93
Israel,Total,15.41,20.62,11.08
Israel,Lower respiratory infections,3.13,3.89,2.54
Israel,"Trachea, bronchus, lung cancers",2.29,3.46,1.3
Israel,Ischaemic heart disease,5.39,7.53,3.58
Israel,Stroke,2.06,2.37,1.78
Israel,Chronic obstructive pulmonary disease,2.53,3.37,1.87
Italy,Total,14.96,19.59,11.13
Italy,Lower respiratory infections,0.96,1.16,0.81
Italy,"Trachea, bronchus, lung cancers",2.2,3.52,1.15
Italy,Ischaemic heart disease,6.81,8.86,4.96
Italy,Stroke,2.74,2.89,2.57
Italy,Chronic obstructive pulmonary disease,2.26,3.17,1.64
Jamaica,Total,18.16,21.49,15.14
Jamaica,Lower respiratory infections,1.85,2.04,1.67
Jamaica,"Trachea, bronchus, lung cancers",1.22,2.05,0.45
Jamaica,Ischaemic heart disease,6.96,7.94,6.05
Jamaica,Stroke,6.25,6.31,6.15
Jamaica,Chronic obstructive pulmonary disease,1.88,3.15,0.81
Japan,Total,11.92,16.71,8.08
Japan,Lower respiratory infections,2.82,3.93,2.06
Japan,"Trachea, bronchus, lung cancers",1.34,2.22,0.66
Japan,Ischaemic heart disease,3.85,5.2,2.57
Japan,Stroke,2.4,2.99,1.86
Japan,Chronic obstructive pulmonary disease,1.51,2.38,0.93
Jordan,Total,50.11,63.39,37.71
Jordan,Lower respiratory infections,5.3,6.19,4.53
Jordan,"Trachea, bronchus, lung cancers",2.09,3.8,0.51
Jordan,Ischaemic heart disease,29.3,37.49,21.41
Jordan,Stroke,9.86,10.39,9.4
Jordan,Chronic obstructive pulmonary disease,3.56,5.51,1.84
Kazakhstan,Total,53.17,72.92,39.38
Kazakhstan,Lower respiratory infections,1.87,2.81,1.17
Kazakhstan,"Trachea, bronchus, lung cancers",1.67,3.38,0.59
Kazakhstan,Ischaemic heart disease,34.52,46.35,25.96
Kazakhstan,Stroke,10.65,13.14,8.87
Kazakhstan,Chronic obstructive pulmonary disease,4.45,7.25,2.79
Kenya,Total,29.59,31.99,27.49
Kenya,Lower respiratory infections,13.29,14.24,12.43
Kenya,"Trachea, bronchus, lung cancers",0.4,0.54,0.29
Kenya,Ischaemic heart disease,7.23,8.1,6.45
Kenya,Stroke,5.53,5.54,5.5
Kenya,Chronic obstructive pulmonary disease,3.15,3.57,2.82
Kiribati,Total,36.6,51.13,26.11
Kiribati,Lower respiratory infections,5.7,6.06,5.4
Kiribati,"Trachea, bronchus, lung cancers",1.13,1.55,0.82
Kiribati,Ischaemic heart disease,14.75,19.3,10.79
Kiribati,Stroke,10.8,16.16,7.12
Kiribati,Chronic obstructive pulmonary disease,4.23,8.05,1.98
Kuwait,Total,103.8,113.6,88.79
Kuwait,Lower respiratory infections,38.46,38.06,39.19
Kuwait,"Trachea, bronchus, lung cancers",5.02,6.83,2.52
Kuwait,Ischaemic heart disease,41.52,48.7,30.13
Kuwait,Stroke,12.16,12.96,10.83
Kuwait,Chronic obstructive pulmonary disease,6.64,7.02,6.13
Kyrgyzstan,Total,74.25,97.28,57.11
Kyrgyzstan,Lower respiratory infections,2.6,3.21,2.09
Kyrgyzstan,"Trachea, bronchus, lung cancers",1.54,2.81,0.61
Kyrgyzstan,Ischaemic heart disease,47.88,61.77,37.44
Kyrgyzstan,Stroke,15.43,19.43,12.32
Kyrgyzstan,Chronic obstructive pulmonary disease,6.8,10.06,4.64
Lao People's Democratic Republic,Total,68,73.06,63.84
Lao People's Democratic Republic,Lower respiratory infections,11.62,11.84,11.44
Lao People's Democratic Republic,"Trachea, bronchus, lung cancers",1.91,3.04,1
Lao People's Democratic Republic,Ischaemic heart disease,28.46,29.45,27.59
Lao People's Democratic Republic,Stroke,17.83,18.73,16.95
Lao People's Democratic Republic,Chronic obstructive pulmonary disease,8.17,10,6.86
Latvia,Total,35.03,51.2,24.1
Latvia,Lower respiratory infections,1.47,2.36,0.84
Latvia,"Trachea, bronchus, lung cancers",1.91,4.03,0.63
Latvia,Ischaemic heart disease,21.99,32.27,14.89
Latvia,Stroke,8.68,10.34,7.39
Latvia,Chronic obstructive pulmonary disease,0.98,2.19,0.34
Lebanon,Total,51.35,61.21,41
Lebanon,Lower respiratory infections,2.41,2.29,2.48
Lebanon,"Trachea, bronchus, lung cancers",2.81,3.97,1.65
Lebanon,Ischaemic heart disease,37.71,48.92,26.2
Lebanon,Stroke,4.39,1.88,6.74
Lebanon,Chronic obstructive pulmonary disease,4.03,4.15,3.93
Lesotho,Total,76.65,87.53,69.78
Lesotho,Lower respiratory infections,23.31,28.19,20.29
Lesotho,"Trachea, bronchus, lung cancers",0.45,0.86,0.19
Lesotho,Ischaemic heart disease,20.4,19.95,20.55
Lesotho,Stroke,18.11,17.04,18.78
Lesotho,Chronic obstructive pulmonary disease,14.38,21.49,9.97
Liberia,Total,50.48,51.79,49.14
Liberia,Lower respiratory infections,16.96,17.47,16.48
Liberia,"Trachea, bronchus, lung cancers",0.16,0.2,0.12
Liberia,Ischaemic heart disease,20.04,21.63,18.57
Liberia,Stroke,10.02,9.11,10.72
Liberia,Chronic obstructive pulmonary disease,3.3,3.37,3.25
Libya,Total,71.94,91.99,54.33
Libya,Lower respiratory infections,8.26,10.08,6.75
Libya,"Trachea, bronchus, lung cancers",4.25,7.97,0.98
Libya,Ischaemic heart disease,43.07,53.67,33.5
Libya,Stroke,10.05,11.66,8.67
Libya,Chronic obstructive pulmonary disease,6.31,8.6,4.42
Lithuania,Total,33.96,50.85,22.76
Lithuania,Lower respiratory infections,1.34,2.17,0.75
Lithuania,"Trachea, bronchus, lung cancers",1.58,3.35,0.49
Lithuania,Ischaemic heart disease,23.46,34.96,15.71
Lithuania,Stroke,6.53,8.08,5.43
Lithuania,Chronic obstructive pulmonary disease,1.05,2.29,0.39
Luxembourg,Total,11.56,15.04,8.47
Luxembourg,Lower respiratory infections,0.84,0.95,0.75
Luxembourg,"Trachea, bronchus, lung cancers",1.52,2.2,0.95
Luxembourg,Ischaemic heart disease,5.49,7.53,3.55
Luxembourg,Stroke,1.61,1.74,1.48
Luxembourg,Chronic obstructive pulmonary disease,2.1,2.62,1.73
Madagascar,Total,52.33,56.74,48.29
Madagascar,Lower respiratory infections,14.41,15.7,13.27
Madagascar,"Trachea, bronchus, lung cancers",0.97,1.69,0.33
Madagascar,Ischaemic heart disease,14.63,16.96,12.47
Madagascar,Stroke,15.04,13.69,16.15
Madagascar,Chronic obstructive pulmonary disease,7.27,8.7,6.06
Malawi,Total,38.36,44.8,33.4
Malawi,Lower respiratory infections,14.8,17.8,12.49
Malawi,"Trachea, bronchus, lung cancers",0.14,0.21,0.092
Malawi,Ischaemic heart disease,12.65,14.64,11.07
Malawi,Stroke,6.75,6.79,6.67
Malawi,Chronic obstructive pulmonary disease,4.02,5.36,3.07
Malaysia,Total,41.09,48.86,33.37
Malaysia,Lower respiratory infections,9.05,9.75,8.34
Malaysia,"Trachea, bronchus, lung cancers",1.79,2.49,1.13
Malaysia,Ischaemic heart disease,20.51,24.82,16.12
Malaysia,Stroke,6.26,6.61,5.87
Malaysia,Chronic obstructive pulmonary disease,3.48,5.2,1.92
Maldives,Total,19.06,22.82,14.95
Maldives,Lower respiratory infections,0.64,0.65,0.62
Maldives,"Trachea, bronchus, lung cancers",0.35,0.53,0.14
Maldives,Ischaemic heart disease,12.38,15.77,8.68
Maldives,Stroke,2.46,3.02,1.83
Maldives,Chronic obstructive pulmonary disease,3.24,2.84,3.67
Mali,Total,82.49,82.27,82.66
Mali,Lower respiratory infections,20.13,21.49,19.05
Mali,"Trachea, bronchus, lung cancers",0.4,0.52,0.3
Mali,Ischaemic heart disease,31.58,30.14,32.66
Mali,Stroke,17.81,14.75,20.35
Mali,Chronic obstructive pulmonary disease,12.58,15.37,10.29
Malta,Total,20.16,26.1,15.08
Malta,Lower respiratory infections,2.41,2.63,2.21
Malta,"Trachea, bronchus, lung cancers",1.71,3,0.66
Malta,Ischaemic heart disease,11.33,14.26,8.63
Malta,Stroke,2.7,2.88,2.51
Malta,Chronic obstructive pulmonary disease,2.01,3.33,1.07
Mauritania,Total,88.15,98.16,79.65
Mauritania,Lower respiratory infections,35.95,44.81,28.73
Mauritania,"Trachea, bronchus, lung cancers",0.28,0.38,0.2
Mauritania,Ischaemic heart disease,31.63,33.59,29.81
Mauritania,Stroke,13.55,11.77,14.8
Mauritania,Chronic obstructive pulmonary disease,6.73,7.61,6.11
Mauritius,Total,30.44,40.13,22.26
Mauritius,Lower respiratory infections,2.24,2.89,1.75
Mauritius,"Trachea, bronchus, lung cancers",0.81,1.48,0.3
Mauritius,Ischaemic heart disease,15.35,19.78,11.32
Mauritius,Stroke,6.56,8.2,5.13
Mauritius,Chronic obstructive pulmonary disease,5.47,7.77,3.76
Mexico,Total,25.24,31.09,20.21
Mexico,Lower respiratory infections,3.42,4.16,2.79
Mexico,"Trachea, bronchus, lung cancers",0.77,1.06,0.53
Mexico,Ischaemic heart disease,13.01,16.45,9.96
Mexico,Stroke,3.57,3.92,3.25
Mexico,Chronic obstructive pulmonary disease,4.47,5.49,3.67
Micronesia (Federated States of),Total,41.1,47.75,35.18
Micronesia (Federated States of),Lower respiratory infections,4.83,5.16,4.54
Micronesia (Federated States of),"Trachea, bronchus, lung cancers",1.24,1.88,0.71
Micronesia (Federated States of),Ischaemic heart disease,19.96,23.02,16.92
Micronesia (Federated States of),Stroke,10.09,10.34,9.86
Micronesia (Federated States of),Chronic obstructive pulmonary disease,4.99,7.36,3.14
Mongolia,Total,79.13,105.9,58.14
Mongolia,Lower respiratory infections,3.35,4.53,2.36
Mongolia,"Trachea, bronchus, lung cancers",4.29,7.76,1.73
Mongolia,Ischaemic heart disease,42.67,57.3,30.99
Mongolia,Stroke,25.61,31.8,20.78
Mongolia,Chronic obstructive pulmonary disease,3.21,4.53,2.28
Montenegro,Total,43.38,55.14,33.45
Montenegro,Lower respiratory infections,0.95,1.3,0.67
Montenegro,"Trachea, bronchus, lung cancers",4.41,7.09,2.03
Montenegro,Ischaemic heart disease,20.31,27.74,14.18
Montenegro,Stroke,15.09,14.76,15.08
Montenegro,Chronic obstructive pulmonary disease,2.63,4.24,1.5
Morocco,Total,45.39,54.22,38.32
Morocco,Lower respiratory infections,6.12,7.13,5.39
Morocco,"Trachea, bronchus, lung cancers",2.13,3.95,0.47
Morocco,Ischaemic heart disease,26.12,29.93,23.05
Morocco,Stroke,7.1,7.91,6.51
Morocco,Chronic obstructive pulmonary disease,3.91,5.31,2.91
Mozambique,Total,35.33,37.85,33.24
Mozambique,Lower respiratory infections,12.28,13.62,11.29
Mozambique,"Trachea, bronchus, lung cancers",0.34,0.51,0.22
Mozambique,Ischaemic heart disease,10.58,10.86,10.19
Mozambique,Stroke,9.1,8.93,9.13
Mozambique,Chronic obstructive pulmonary disease,3.03,3.92,2.41
Myanmar,Total,65.75,81.87,53.66
Myanmar,Lower respiratory infections,12.03,13.39,10.95
Myanmar,"Trachea, bronchus, lung cancers",3.81,5,2.91
Myanmar,Ischaemic heart disease,15.02,16.89,13.39
Myanmar,Stroke,19.37,22.59,16.82
Myanmar,Chronic obstructive pulmonary disease,15.53,23.99,9.59
Namibia,Total,60.97,73.05,52.64
Namibia,Lower respiratory infections,18.57,22.54,15.83
Namibia,"Trachea, bronchus, lung cancers",0.52,0.81,0.32
Namibia,Ischaemic heart disease,20.3,22.7,18.43
Namibia,Stroke,12.49,12.67,12.29
Namibia,Chronic obstructive pulmonary disease,9.09,14.33,5.77
Nepal,Total,112.4,129.1,97.55
Nepal,Lower respiratory infections,19.67,19.4,19.82
Nepal,"Trachea, bronchus, lung cancers",4.39,4.86,4.02
Nepal,Ischaemic heart disease,42.01,55.38,30.19
Nepal,Stroke,17.41,21,14.22
Nepal,Chronic obstructive pulmonary disease,28.88,28.42,29.3
Netherlands,Total,13.66,16.62,11.21
Netherlands,Lower respiratory infections,1.27,1.46,1.12
Netherlands,"Trachea, bronchus, lung cancers",2.33,2.93,1.88
Netherlands,Ischaemic heart disease,5.08,6.58,3.7
Netherlands,Stroke,2.06,2.1,1.98
Netherlands,Chronic obstructive pulmonary disease,2.92,3.54,2.53
New Zealand,Total,7.18,8.64,5.86
New Zealand,Lower respiratory infections,0.39,0.35,0.41
New Zealand,"Trachea, bronchus, lung cancers",0.5,0.58,0.44
New Zealand,Ischaemic heart disease,4,5.33,2.79
New Zealand,Stroke,1.24,1.16,1.29
New Zealand,Chronic obstructive pulmonary disease,1.06,1.22,0.93
Nicaragua,Total,24.12,28,20.94
Nicaragua,Lower respiratory infections,2.97,3.57,2.43
Nicaragua,"Trachea, bronchus, lung cancers",0.71,0.99,0.49
Nicaragua,Ischaemic heart disease,13.51,15.42,11.91
Nicaragua,Stroke,3.8,4.13,3.53
Nicaragua,Chronic obstructive pulmonary disease,3.13,3.89,2.57
Niger,Total,125,136.6,114.3
Niger,Lower respiratory infections,58.26,67.59,49.97
Niger,"Trachea, bronchus, lung cancers",0.22,0.32,0.12
Niger,Ischaemic heart disease,34.95,37.17,32.61
Niger,Stroke,20.59,18.51,22.27
Niger,Chronic obstructive pulmonary disease,10.96,13,9.29
Nigeria,Total,147.4,148.7,145.9
Nigeria,Lower respiratory infections,81.75,85.95,77.84
Nigeria,"Trachea, bronchus, lung cancers",0.29,0.3,0.27
Nigeria,Ischaemic heart disease,36.85,36.88,36.68
Nigeria,Stroke,18.38,15.76,20.71
Nigeria,Chronic obstructive pulmonary disease,10.08,9.78,10.39
Norway,Total,8.58,10.44,6.92
Norway,Lower respiratory infections,0.82,0.95,0.72
Norway,"Trachea, bronchus, lung cancers",0.77,0.91,0.66
Norway,Ischaemic heart disease,4,5.23,2.82
Norway,Stroke,1.34,1.39,1.28
Norway,Chronic obstructive pulmonary disease,1.66,1.96,1.44
Oman,Total,49.19,56.74,39.08
Oman,Lower respiratory infections,6.81,7.95,5.65
Oman,"Trachea, bronchus, lung cancers",1.38,2.11,0.56
Oman,Ischaemic heart disease,33.03,37.25,26.54
Oman,Stroke,5.84,6.74,4.78
Oman,Chronic obstructive pulmonary disease,2.13,2.68,1.56
Pakistan,Total,98.39,114.7,81.4
Pakistan,Lower respiratory infections,14.01,15.39,12.53
Pakistan,"Trachea, bronchus, lung cancers",1.44,2.4,0.44
Pakistan,Ischaemic heart disease,47.77,56.83,38.41
Pakistan,Stroke,18.82,18.63,19.05
Pakistan,Chronic obstructive pulmonary disease,16.35,21.4,10.97
Panama,Total,16.77,20.92,12.97
Panama,Lower respiratory infections,2.32,2.69,1.98
Panama,"Trachea, bronchus, lung cancers",0.59,0.79,0.41
Panama,Ischaemic heart disease,7.77,10.05,5.64
Panama,Stroke,3.58,4.37,2.86
Panama,Chronic obstructive pulmonary disease,2.52,3.02,2.08
Papua New Guinea,Total,41.9,52.47,32.96
Papua New Guinea,Lower respiratory infections,6.87,8.71,5.4
Papua New Guinea,"Trachea, bronchus, lung cancers",0.43,0.63,0.26
Papua New Guinea,Ischaemic heart disease,19.68,25.09,14.67
Papua New Guinea,Stroke,10.05,10.93,9.31
Papua New Guinea,Chronic obstructive pulmonary disease,4.88,7.11,3.32
Paraguay,Total,24.89,29.28,20.75
Paraguay,Lower respiratory infections,2.77,3.09,2.47
Paraguay,"Trachea, bronchus, lung cancers",0.98,1.63,0.37
Paraguay,Ischaemic heart disease,12.93,15.26,10.64
Paraguay,Stroke,5.88,5.97,5.81
Paraguay,Chronic obstructive pulmonary disease,2.32,3.33,1.46
Peru,Total,36.56,44.01,30.11
Peru,Lower respiratory infections,16.04,18.95,13.6
Peru,"Trachea, bronchus, lung cancers",1.3,1.47,1.18
Peru,Ischaemic heart disease,11.77,14.91,8.93
Peru,Stroke,4.03,4.51,3.61
Peru,Chronic obstructive pulmonary disease,3.41,4.18,2.79
Philippines,Total,71.79,90.72,55.72
Philippines,Lower respiratory infections,19.32,22.4,16.84
Philippines,"Trachea, bronchus, lung cancers",1.64,2.55,0.91
Philippines,Ischaemic heart disease,28.34,35.8,21.52
Philippines,Stroke,15.13,18.44,12.13
Philippines,Chronic obstructive pulmonary disease,7.36,11.53,4.33
Poland,Total,37.87,53.33,26.15
Poland,Lower respiratory infections,3.8,5.44,2.69
Poland,"Trachea, bronchus, lung cancers",4.42,7.28,2.4
Poland,Ischaemic heart disease,21.16,28.64,14.96
Poland,Stroke,4.89,6.01,3.92
Poland,Chronic obstructive pulmonary disease,3.6,5.96,2.18
Portugal,Total,9.81,13.21,7.1
Portugal,Lower respiratory infections,1.62,2.11,1.28
Portugal,"Trachea, bronchus, lung cancers",0.79,1.41,0.29
Portugal,Ischaemic heart disease,3.57,4.82,2.49
Portugal,Stroke,2.61,3.09,2.22
Portugal,Chronic obstructive pulmonary disease,1.22,1.78,0.82
Qatar,Total,46.4,50.67,36.09
Qatar,Lower respiratory infections,4.05,4.19,3.71
Qatar,"Trachea, bronchus, lung cancers",3.39,4.29,1.56
Qatar,Ischaemic heart disease,31.7,34.67,24.3
Qatar,Stroke,4.12,3.82,4.36
Qatar,Chronic obstructive pulmonary disease,3.13,3.71,2.16
Republic of Korea,Total,18.31,26.39,12.42
Republic of Korea,Lower respiratory infections,4.29,5.99,3.24
Republic of Korea,"Trachea, bronchus, lung cancers",3.17,5.57,1.47
Republic of Korea,Ischaemic heart disease,4.57,5.95,3.22
Republic of Korea,Stroke,3.89,4.83,3.09
Republic of Korea,Chronic obstructive pulmonary disease,2.38,4.04,1.4
Republic of Moldova,Total,63.21,82.43,49.04
Republic of Moldova,Lower respiratory infections,3.55,5.56,1.91
Republic of Moldova,"Trachea, bronchus, lung cancers",2.03,3.98,0.65
Republic of Moldova,Ischaemic heart disease,41.94,52.59,33.89
Republic of Moldova,Stroke,13.12,15.88,11.16
Republic of Moldova,Chronic obstructive pulmonary disease,2.57,4.44,1.45
The former Yugoslav Republic of Macedonia,Total,46.37,59.09,35.2
The former Yugoslav Republic of Macedonia,Lower respiratory infections,1.23,1.45,1.05
The former Yugoslav Republic of Macedonia,"Trachea, bronchus, lung cancers",4.48,7.79,1.56
The former Yugoslav Republic of Macedonia,Ischaemic heart disease,19.66,25.12,14.65
The former Yugoslav Republic of Macedonia,Stroke,16.2,17.9,14.7
The former Yugoslav Republic of Macedonia,Chronic obstructive pulmonary disease,4.8,6.83,3.24
Romania,Total,40.08,53.49,29.23
Romania,Lower respiratory infections,3.03,4.05,2.2
Romania,"Trachea, bronchus, lung cancers",2.59,4.57,1.02
Romania,Ischaemic heart disease,22.79,29.7,17.01
Romania,Stroke,9.13,10.97,7.65
Romania,Chronic obstructive pulmonary disease,2.54,4.21,1.35
Russian Federation,Total,46.24,68.63,31.36
Russian Federation,Lower respiratory infections,2.15,3.67,1
Russian Federation,"Trachea, bronchus, lung cancers",2.28,4.91,0.63
Russian Federation,Ischaemic heart disease,28.96,42.31,19.92
Russian Federation,Stroke,11.16,14.16,9.09
Russian Federation,Chronic obstructive pulmonary disease,1.7,3.58,0.71
Rwanda,Total,49.14,52.45,46.15
Rwanda,Lower respiratory infections,20.96,22.96,19.26
Rwanda,"Trachea, bronchus, lung cancers",0.32,0.36,0.3
Rwanda,Ischaemic heart disease,12.05,12.77,11.29
Rwanda,Stroke,9.26,8.89,9.44
Rwanda,Chronic obstructive pulmonary disease,6.55,7.47,5.86
Saint Lucia,Total,27.38,33.05,22.38
Saint Lucia,Lower respiratory infections,4.18,4.74,3.76
Saint Lucia,"Trachea, bronchus, lung cancers",1.08,1.77,0.45
Saint Lucia,Ischaemic heart disease,10.07,11.55,8.73
Saint Lucia,Stroke,8.04,8.5,7.5
Saint Lucia,Chronic obstructive pulmonary disease,4.02,6.49,1.94
Saint Vincent and the Grenadines,Total,42.35,50.41,34.89
Saint Vincent and the Grenadines,Lower respiratory infections,7.8,8.62,7.08
Saint Vincent and the Grenadines,"Trachea, bronchus, lung cancers",0.97,1.16,0.76
Saint Vincent and the Grenadines,Ischaemic heart disease,20.54,23.09,18.12
Saint Vincent and the Grenadines,Stroke,10.13,12.59,7.77
Saint Vincent and the Grenadines,Chronic obstructive pulmonary disease,2.91,4.95,1.17
Samoa,Total,26.99,38.23,17.47
Samoa,Lower respiratory infections,3.42,4.26,2.74
Samoa,"Trachea, bronchus, lung cancers",0.47,0.74,0.21
Samoa,Ischaemic heart disease,13.97,19.75,8.72
Samoa,Stroke,6.31,8.4,4.61
Samoa,Chronic obstructive pulmonary disease,2.81,5.08,1.19
Sao Tome and Principe,Total,58.86,62.82,55.77
Sao Tome and Principe,Lower respiratory infections,19.18,21.06,17.66
Sao Tome and Principe,"Trachea, bronchus, lung cancers",2.4,4.07,1.14
Sao Tome and Principe,Ischaemic heart disease,13.34,13.37,13.29
Sao Tome and Principe,Stroke,11.99,10.41,13.27
Sao Tome and Principe,Chronic obstructive pulmonary disease,11.94,13.91,10.42
Saudi Arabia,Total,78.61,87.5,67.18
Saudi Arabia,Lower respiratory infections,17,17.58,16.36
Saudi Arabia,"Trachea, bronchus, lung cancers",1.5,2.06,0.84
Saudi Arabia,Ischaemic heart disease,40.94,47.33,32.45
Saudi Arabia,Stroke,14.55,15.37,13.48
Saudi Arabia,Chronic obstructive pulmonary disease,4.61,5.15,4.05
Senegal,Total,75.26,83.3,68.87
Senegal,Lower respiratory infections,25.45,28.58,22.91
Senegal,"Trachea, bronchus, lung cancers",0.34,0.49,0.23
Senegal,Ischaemic heart disease,28.21,31.44,25.66
Senegal,Stroke,13.12,12.13,13.76
Senegal,Chronic obstructive pulmonary disease,8.14,10.67,6.31
Serbia,Total,38.56,51.36,28.12
Serbia,Lower respiratory infections,1.73,2.36,1.26
Serbia,"Trachea, bronchus, lung cancers",5.17,8.3,2.62
Serbia,Ischaemic heart disease,18.24,23.69,13.49
Serbia,Stroke,8.88,10.17,7.8
Serbia,Chronic obstructive pulmonary disease,4.54,6.85,2.95
Seychelles,Total,37.94,54.54,23.43
Seychelles,Lower respiratory infections,10.26,14.86,6.55
Seychelles,"Trachea, bronchus, lung cancers",1.49,2.53,0.66
Seychelles,Ischaemic heart disease,16.58,23,10.54
Seychelles,Stroke,6.11,8.61,3.8
Seychelles,Chronic obstructive pulmonary disease,3.5,5.55,1.89
Sierra Leone,Total,104,104.3,103.6
Sierra Leone,Lower respiratory infections,36.76,38.76,34.87
Sierra Leone,"Trachea, bronchus, lung cancers",0.18,0.23,0.13
Sierra Leone,Ischaemic heart disease,38.69,39.28,38.13
Sierra Leone,Stroke,20.13,17.6,22.47
Sierra Leone,Chronic obstructive pulmonary disease,8.21,8.41,8.04
Singapore,Total,25.91,33.42,19.39
Singapore,Lower respiratory infections,11.67,13.73,9.97
Singapore,"Trachea, bronchus, lung cancers",2.38,3.52,1.43
Singapore,Ischaemic heart disease,7.9,10.98,5.05
Singapore,Stroke,2.76,2.98,2.51
Singapore,Chronic obstructive pulmonary disease,1.19,2.2,0.42
Slovakia,Total,31.01,43.65,21.78
Slovakia,Lower respiratory infections,3.31,4.86,2.31
Slovakia,"Trachea, bronchus, lung cancers",2.76,5.05,1.16
Slovakia,Ischaemic heart disease,17.97,23.91,13.29
Slovakia,Stroke,5,6.39,3.93
Slovakia,Chronic obstructive pulmonary disease,1.97,3.44,1.08
Slovenia,Total,18.95,24.46,14.17
Slovenia,Lower respiratory infections,1.94,2.44,1.64
Slovenia,"Trachea, bronchus, lung cancers",2.73,4.16,1.59
Slovenia,Ischaemic heart disease,9.08,11.32,6.77
Slovenia,Stroke,3.56,3.98,3.15
Slovenia,Chronic obstructive pulmonary disease,1.63,2.57,1.02
Solomon Islands,Total,36.71,43.7,29.64
Solomon Islands,Lower respiratory infections,4.45,4.89,4
Solomon Islands,"Trachea, bronchus, lung cancers",0.51,0.77,0.25
Solomon Islands,Ischaemic heart disease,16.83,20.19,13.41
Solomon Islands,Stroke,9.69,10.26,9.1
Solomon Islands,Chronic obstructive pulmonary disease,5.24,7.59,2.89
Somalia,Total,81.56,87.46,75.86
Somalia,Lower respiratory infections,36.35,40.13,32.83
Somalia,"Trachea, bronchus, lung cancers",0.38,0.42,0.35
Somalia,Ischaemic heart disease,24.63,25.55,23.55
Somalia,Stroke,14.27,13.52,14.9
Somalia,Chronic obstructive pulmonary disease,5.92,7.85,4.24
South Africa,Total,58.67,81.57,43.46
South Africa,Lower respiratory infections,17.7,24.14,13.33
South Africa,"Trachea, bronchus, lung cancers",2.54,4.03,1.57
South Africa,Ischaemic heart disease,18.46,24.44,14.07
South Africa,Stroke,10.61,13.19,8.8
South Africa,Chronic obstructive pulmonary disease,9.37,15.76,5.69
South Sudan,Total,69.67,73.4,66.1
South Sudan,Lower respiratory infections,32.84,35.09,30.78
South Sudan,"Trachea, bronchus, lung cancers",0.49,0.57,0.43
South Sudan,Ischaemic heart disease,18.34,19.51,17.12
South Sudan,Stroke,12.16,11.16,12.95
South Sudan,Chronic obstructive pulmonary disease,5.84,7.06,4.82
Spain,Total,9.92,14.24,6.38
Spain,Lower respiratory infections,0.77,1,0.61
Spain,"Trachea, bronchus, lung cancers",1.31,2.27,0.5
Spain,Ischaemic heart disease,4.27,5.9,2.79
Spain,Stroke,1.58,1.76,1.4
Spain,Chronic obstructive pulmonary disease,2,3.3,1.08
Sri Lanka,Total,24.44,31.8,18.2
Sri Lanka,Lower respiratory infections,2.59,3.33,1.96
Sri Lanka,"Trachea, bronchus, lung cancers",0.42,0.68,0.22
Sri Lanka,Ischaemic heart disease,14,18.35,10.24
Sri Lanka,Stroke,4.53,5.52,3.69
Sri Lanka,Chronic obstructive pulmonary disease,2.9,3.92,2.1
Sudan,Total,100.3,109.6,91.86
Sudan,Lower respiratory infections,16.21,16.14,16.42
Sudan,"Trachea, bronchus, lung cancers",0.45,0.63,0.29
Sudan,Ischaemic heart disease,56.89,65.42,48.99
Sudan,Stroke,18.02,17.3,18.7
Sudan,Chronic obstructive pulmonary disease,8.69,10.14,7.46
Suriname,Total,43.68,57.98,31.83
Suriname,Lower respiratory infections,6.8,8.8,5.22
Suriname,"Trachea, bronchus, lung cancers",1.87,2.96,1.03
Suriname,Ischaemic heart disease,19.94,27.55,13.48
Suriname,Stroke,12.39,15.04,10.11
Suriname,Chronic obstructive pulmonary disease,2.69,3.63,2
Sweden,Total,7.16,8.69,5.77
Sweden,Lower respiratory infections,0.43,0.52,0.35
Sweden,"Trachea, bronchus, lung cancers",0.43,0.46,0.41
Sweden,Ischaemic heart disease,4.24,5.52,3.06
Sweden,Stroke,1.16,1.26,1.05
Sweden,Chronic obstructive pulmonary disease,0.91,0.94,0.9
Switzerland,Total,10.06,12.74,7.74
Switzerland,Lower respiratory infections,0.77,0.88,0.68
Switzerland,"Trachea, bronchus, lung cancers",1.23,1.67,0.87
Switzerland,Ischaemic heart disease,5.25,6.9,3.75
Switzerland,Stroke,1.29,1.31,1.25
Switzerland,Chronic obstructive pulmonary disease,1.53,1.99,1.19
Syrian Arab Republic,Total,73.86,88.62,60.86
Syrian Arab Republic,Lower respiratory infections,4.13,4.86,3.51
Syrian Arab Republic,"Trachea, bronchus, lung cancers",3.47,6.08,1.24
Syrian Arab Republic,Ischaemic heart disease,54.01,63.27,45.7
Syrian Arab Republic,Stroke,8.42,9.63,7.32
Syrian Arab Republic,Chronic obstructive pulmonary disease,3.84,4.78,3.09
Tajikistan,Total,93.9,107.9,81.79
Tajikistan,Lower respiratory infections,11.05,12.1,10.14
Tajikistan,"Trachea, bronchus, lung cancers",1.31,1.74,0.91
Tajikistan,Ischaemic heart disease,51,59.78,43.3
Tajikistan,Stroke,20.84,22.65,19.33
Tajikistan,Chronic obstructive pulmonary disease,9.7,11.59,8.12
Thailand,Total,35.69,47.38,25.95
Thailand,Lower respiratory infections,10.17,12.45,8.31
Thailand,"Trachea, bronchus, lung cancers",3,4.51,1.76
Thailand,Ischaemic heart disease,10.18,13.05,7.65
Thailand,Stroke,6.52,8.58,4.66
Thailand,Chronic obstructive pulmonary disease,5.83,8.78,3.56
Timor-Leste,Total,45.71,50.66,40.95
Timor-Leste,Lower respiratory infections,8.4,8.73,8.12
Timor-Leste,"Trachea, bronchus, lung cancers",2.67,3.62,1.8
Timor-Leste,Ischaemic heart disease,18.64,20,17.2
Timor-Leste,Stroke,10.45,11.21,9.51
Timor-Leste,Chronic obstructive pulmonary disease,5.55,7.1,4.32
Togo,Total,100.3,110.9,90.79
Togo,Lower respiratory infections,37.54,44.14,31.77
Togo,"Trachea, bronchus, lung cancers",0.26,0.36,0.16
Togo,Ischaemic heart disease,34.89,38.72,31.4
Togo,Stroke,18.12,17.35,18.67
Togo,Chronic obstructive pulmonary disease,9.47,10.32,8.79
Tonga,Total,27.33,41.46,16.57
Tonga,Lower respiratory infections,3.59,4.59,2.87
Tonga,"Trachea, bronchus, lung cancers",1.87,3.13,0.91
Tonga,Ischaemic heart disease,13.23,21.16,6.89
Tonga,Stroke,4.88,5.76,4.15
Tonga,Chronic obstructive pulmonary disease,3.76,6.81,1.74
Trinidad and Tobago,Total,37.75,47.72,29.35
Trinidad and Tobago,Lower respiratory infections,4.26,5.16,3.54
Trinidad and Tobago,"Trachea, bronchus, lung cancers",1.31,2.1,0.66
Trinidad and Tobago,Ischaemic heart disease,21.16,26.71,16.32
Trinidad and Tobago,Stroke,8.29,9.32,7.32
Trinidad and Tobago,Chronic obstructive pulmonary disease,2.74,4.43,1.5
Tunisia,Total,54.91,70.55,41.49
Tunisia,Lower respiratory infections,6.65,7.52,5.99
Tunisia,"Trachea, bronchus, lung cancers",2.93,5.88,0.32
Tunisia,Ischaemic heart disease,31.56,39.73,24.4
Tunisia,Stroke,8.96,11.19,7.1
Tunisia,Chronic obstructive pulmonary disease,4.81,6.22,3.68
Türkiye,Total,46.57,68.84,29.45
Türkiye,Lower respiratory infections,2.96,4.14,2.13
Türkiye,"Trachea, bronchus, lung cancers",6.17,11.75,1.59
Türkiye,Ischaemic heart disease,21.97,30.03,15.42
Türkiye,Stroke,6.35,7.83,5.26
Türkiye,Chronic obstructive pulmonary disease,9.12,15.1,5.05
Turkmenistan,Total,77.71,98.15,61.73
Turkmenistan,Lower respiratory infections,4,4.79,3.28
Turkmenistan,"Trachea, bronchus, lung cancers",1.35,2.26,0.6
Turkmenistan,Ischaemic heart disease,54.68,69.28,43.41
Turkmenistan,Stroke,15.73,19.14,13.03
Turkmenistan,Chronic obstructive pulmonary disease,1.95,2.67,1.42
Uganda,Total,68.67,71.35,66.29
Uganda,Lower respiratory infections,30.57,31.98,29.38
Uganda,"Trachea, bronchus, lung cancers",0.63,0.63,0.63
Uganda,Ischaemic heart disease,16.6,17.57,15.65
Uganda,Stroke,12.93,12.07,13.54
Uganda,Chronic obstructive pulmonary disease,7.93,9.1,7.09
Ukraine,Total,64,90.5,46.16
Ukraine,Lower respiratory infections,1.62,2.52,0.88
Ukraine,"Trachea, bronchus, lung cancers",2.53,5.31,0.7
Ukraine,Ischaemic heart disease,47.3,65.04,35.3
Ukraine,Stroke,10.17,12.78,8.29
Ukraine,Chronic obstructive pulmonary disease,2.38,4.85,0.99
United Arab Emirates,Total,53.05,56.91,43.2
United Arab Emirates,Lower respiratory infections,5.91,6.44,4.82
United Arab Emirates,"Trachea, bronchus, lung cancers",1.42,1.68,0.89
United Arab Emirates,Ischaemic heart disease,30.35,32.36,24.48
United Arab Emirates,Stroke,10.33,10.59,9.72
United Arab Emirates,Chronic obstructive pulmonary disease,5.04,5.84,3.29
United Kingdom of Great Britain and Northern Ireland,Total,13.75,16.96,10.9
United Kingdom of Great Britain and Northern Ireland,Lower respiratory infections,2.03,2.15,1.91
United Kingdom of Great Britain and Northern Ireland,"Trachea, bronchus, lung cancers",1.63,1.93,1.37
United Kingdom of Great Britain and Northern Ireland,Ischaemic heart disease,5.56,7.88,3.47
United Kingdom of Great Britain and Northern Ireland,Stroke,1.85,1.88,1.81
United Kingdom of Great Britain and Northern Ireland,Chronic obstructive pulmonary disease,2.68,3.12,2.34
United Republic of Tanzania,Total,50.9,54.33,47.94
United Republic of Tanzania,Lower respiratory infections,20.35,21.84,19.05
United Republic of Tanzania,"Trachea, bronchus, lung cancers",0.13,0.15,0.11
United Republic of Tanzania,Ischaemic heart disease,18.04,19.53,16.77
United Republic of Tanzania,Stroke,7.87,7.58,8.11
United Republic of Tanzania,Chronic obstructive pulmonary disease,4.51,5.23,3.89
United States of America,Total,13.31,16.6,10.41
United States of America,Lower respiratory infections,0.69,0.79,0.61
United States of America,"Trachea, bronchus, lung cancers",1.01,1.22,0.85
United States of America,Ischaemic heart disease,7.59,10.22,5.24
United States of America,Stroke,1.55,1.6,1.48
United States of America,Chronic obstructive pulmonary disease,2.46,2.77,2.23
Uruguay,Total,15.26,21.96,10.51
Uruguay,Lower respiratory infections,1.52,1.99,1.23
Uruguay,"Trachea, bronchus, lung cancers",1.39,2.43,0.62
Uruguay,Ischaemic heart disease,6.58,9.53,4.32
Uruguay,Stroke,3.07,3.52,2.73
Uruguay,Chronic obstructive pulmonary disease,2.7,4.5,1.61
Uzbekistan,Total,69.26,86.52,55.3
Uzbekistan,Lower respiratory infections,3.71,4.23,3.26
Uzbekistan,"Trachea, bronchus, lung cancers",0.94,1.48,0.48
Uzbekistan,Ischaemic heart disease,51.8,65,41.16
Uzbekistan,Stroke,10.96,13.3,9.05
Uzbekistan,Chronic obstructive pulmonary disease,1.85,2.52,1.36
Vanuatu,Total,37.01,45.38,29.05
Vanuatu,Lower respiratory infections,3.98,4.62,3.37
Vanuatu,"Trachea, bronchus, lung cancers",0.62,0.97,0.27
Vanuatu,Ischaemic heart disease,19.13,23.17,15.2
Vanuatu,Stroke,8.66,9.63,7.74
Vanuatu,Chronic obstructive pulmonary disease,4.62,6.99,2.46
Venezuela (Bolivarian Republic of),Total,31.51,41.43,23.28
Venezuela (Bolivarian Republic of),Lower respiratory infections,3.62,4.31,3.04
Venezuela (Bolivarian Republic of),"Trachea, bronchus, lung cancers",1.5,1.97,1.11
Venezuela (Bolivarian Republic of),Ischaemic heart disease,17.41,24.17,11.69
Venezuela (Bolivarian Republic of),Stroke,5.52,6.59,4.64
Venezuela (Bolivarian Republic of),Chronic obstructive pulmonary disease,3.46,4.39,2.79
Viet Nam,Total,36.2,55.06,22.86
Viet Nam,Lower respiratory infections,4.03,5.49,2.94
Viet Nam,"Trachea, bronchus, lung cancers",3.76,5.91,2.26
Viet Nam,Ischaemic heart disease,11.22,16.44,7.49
Viet Nam,Stroke,12.02,18.62,7.07
Viet Nam,Chronic obstructive pulmonary disease,5.17,8.6,3.1
Yemen,Total,122.6,136.8,110.1
Yemen,Lower respiratory infections,17.28,18.08,16.77
Yemen,"Trachea, bronchus, lung cancers",0.91,1.57,0.36
Yemen,Ischaemic heart disease,68.8,79.62,58.83
Yemen,Stroke,23.99,23.28,24.63
Yemen,Chronic obstructive pulmonary disease,11.65,14.27,9.51
Zambia,Total,47.31,51.65,43.78
Zambia,Lower respiratory infections,18.74,21.02,16.92
Zambia,"Trachea, bronchus, lung cancers",0.29,0.4,0.21
Zambia,Ischaemic heart disease,15.34,16.84,14.04
Zambia,Stroke,8.34,7.76,8.75
Zambia,Chronic obstructive pulmonary disease,4.6,5.63,3.86
Zimbabwe,Total,47.24,48.12,46.52
Zimbabwe,Lower respiratory infections,19.22,22.08,17.12
Zimbabwe,"Trachea, bronchus, lung cancers",0.45,0.78,0.21
Zimbabwe,Ischaemic heart disease,14.45,12.09,16.09
Zimbabwe,Stroke,7.65,6.63,8.37
Zimbabwe,Chronic obstructive pulmonary disease,5.47,6.54,4.72
,,,,
,,,,
,,,,
,,,,
,,,,
